{
    "case test": {
        "Draft [m]": 7,
        "Trim [m]": 0,
        "Heel [deg]": 0,
        "CoG [m]": [
            30,
            0,
            6.5
        ],
        "Ship Responses": {
            "5.0 [s]": {
                "Acc1": {
                    "Mod [m/s2]": 1.8084077777777776e-10,
                    "Pha [deg]": -65.0
                },
                "Acc2": {
                    "Mod [m/s2]": 0.0029623494444444443,
                    "Pha [deg]": 74.0
                },
                "Acc3": {
                    "Mod [m/s2]": 0.0008342222222222222,
                    "Pha [deg]": 66.0
                },
                "Acc4": {
                    "Mod [rad/s2]": 0.006210788888888889,
                    "Pha [deg]": 73.0
                },
                "Acc5": {
                    "Mod [rad/s2]": 0.025026677777777777,
                    "Pha [deg]": -114.0
                },
                "Acc6": {
                    "Mod [rad/s2]": 0.0888705,
                    "Pha [deg]": 74.0
                }
            },
            "10.0 [s]": {
                "Acc1": {
                    "Mod [m/s2]": 1.9949727777777777e-10,
                    "Pha [deg]": -172.0
                },
                "Acc2": {
                    "Mod [m/s2]": 0.0029326916666666666,
                    "Pha [deg]": 81.0
                },
                "Acc3": {
                    "Mod [m/s2]": 0.002588343888888889,
                    "Pha [deg]": 20.0
                },
                "Acc4": {
                    "Mod [rad/s2]": 0.005342388333333333,
                    "Pha [deg]": 81.0
                },
                "Acc5": {
                    "Mod [rad/s2]": 0.07765027777777778,
                    "Pha [deg]": -160.0
                },
                "Acc6": {
                    "Mod [rad/s2]": 0.08798077777777778,
                    "Pha [deg]": 81.0
                }
            },
            "15.0 [s]": {
                "Acc1": {
                    "Mod [m/s2]": 3.549348888888889e-11,
                    "Pha [deg]": -31.0
                },
                "Acc2": {
                    "Mod [m/s2]": 0.0012597172222222222,
                    "Pha [deg]": 89.0
                },
                "Acc3": {
                    "Mod [m/s2]": 0.003553858333333333,
                    "Pha [deg]": 6.0
                },
                "Acc4": {
                    "Mod [rad/s2]": 0.0021423088888888886,
                    "Pha [deg]": 89.0
                },
                "Acc5": {
                    "Mod [rad/s2]": 0.10661577777777778,
                    "Pha [deg]": -174.0
                },
                "Acc6": {
                    "Mod [rad/s2]": 0.03779152222222222,
                    "Pha [deg]": 89.0
                }
            }
        }
    }
}