{
    "case test": {
        "Draft [m]": 7,
        "Trim [m]": 0,
        "Heel [deg]": 0,
        "CoG [m]": [
            30,
            0,
            6.5
        ],
        "Ship Responses": {
            "5.0 [s]": {
                "0.0 [deg]": {
                    "Acc1": {
                        "Mod [m/s2]": 0.0006665155555555556,
                        "Pha [deg]": 4.0
                    },
                    "Acc2": {
                        "Mod [m/s2]": 0.0,
                        "Pha [deg]": 90.0
                    },
                    "Acc3": {
                        "Mod [m/s2]": 0.00014783399999999998,
                        "Pha [deg]": -36.0
                    },
                    "Acc4": {
                        "Mod [rad/s2]": 0.0,
                        "Pha [deg]": 90.0
                    },
                    "Acc5": {
                        "Mod [rad/s2]": 0.0034968511111111112,
                        "Pha [deg]": 136.0
                    },
                    "Acc6": {
                        "Mod [rad/s2]": 0.0,
                        "Pha [deg]": 90.0
                    }
                },
                "45.0 [deg]": {
                    "Acc1": {
                        "Mod [m/s2]": 0.0005017495,
                        "Pha [deg]": 45.0
                    },
                    "Acc2": {
                        "Mod [m/s2]": 0.0003801475555555555,
                        "Pha [deg]": 58.0
                    },
                    "Acc3": {
                        "Mod [m/s2]": 7.928438888888889e-05,
                        "Pha [deg]": 1.0
                    },
                    "Acc4": {
                        "Mod [rad/s2]": 0.0007898877777777778,
                        "Pha [deg]": 58.0
                    },
                    "Acc5": {
                        "Mod [rad/s2]": 0.004960512222222223,
                        "Pha [deg]": -70.0
                    },
                    "Acc6": {
                        "Mod [rad/s2]": 0.02688155,
                        "Pha [deg]": 107.0
                    }
                },
                "90.0 [deg]": {
                    "Acc1": {
                        "Mod [m/s2]": 1.8084077777777776e-10,
                        "Pha [deg]": -65.0
                    },
                    "Acc2": {
                        "Mod [m/s2]": 0.0029623494444444443,
                        "Pha [deg]": 74.0
                    },
                    "Acc3": {
                        "Mod [m/s2]": 0.0008342222222222222,
                        "Pha [deg]": 66.0
                    },
                    "Acc4": {
                        "Mod [rad/s2]": 0.006210788888888889,
                        "Pha [deg]": 73.0
                    },
                    "Acc5": {
                        "Mod [rad/s2]": 0.025026677777777777,
                        "Pha [deg]": -114.0
                    },
                    "Acc6": {
                        "Mod [rad/s2]": 0.0888705,
                        "Pha [deg]": 74.0
                    }
                }
            },
            "10.0 [s]": {
                "0.0 [deg]": {
                    "Acc1": {
                        "Mod [m/s2]": 0.00096953,
                        "Pha [deg]": 23.0
                    },
                    "Acc2": {
                        "Mod [m/s2]": 0.0,
                        "Pha [deg]": 90.0
                    },
                    "Acc3": {
                        "Mod [m/s2]": 0.0020805444444444445,
                        "Pha [deg]": -51.0
                    },
                    "Acc4": {
                        "Mod [rad/s2]": 0.0,
                        "Pha [deg]": 90.0
                    },
                    "Acc5": {
                        "Mod [rad/s2]": 0.06070616666666667,
                        "Pha [deg]": 104.0
                    },
                    "Acc6": {
                        "Mod [rad/s2]": 0.0,
                        "Pha [deg]": 90.0
                    }
                },
                "45.0 [deg]": {
                    "Acc1": {
                        "Mod [m/s2]": 0.0008154627777777777,
                        "Pha [deg]": 43.0
                    },
                    "Acc2": {
                        "Mod [m/s2]": 0.0018783322222222223,
                        "Pha [deg]": 32.0
                    },
                    "Acc3": {
                        "Mod [m/s2]": 0.002327728888888889,
                        "Pha [deg]": -30.0
                    },
                    "Acc4": {
                        "Mod [rad/s2]": 0.003438082777777778,
                        "Pha [deg]": 32.0
                    },
                    "Acc5": {
                        "Mod [rad/s2]": 0.0667843888888889,
                        "Pha [deg]": 134.0
                    },
                    "Acc6": {
                        "Mod [rad/s2]": 0.059499388888888886,
                        "Pha [deg]": 20.0
                    }
                },
                "90.0 [deg]": {
                    "Acc1": {
                        "Mod [m/s2]": 1.9949727777777777e-10,
                        "Pha [deg]": -172.0
                    },
                    "Acc2": {
                        "Mod [m/s2]": 0.0029326916666666666,
                        "Pha [deg]": 81.0
                    },
                    "Acc3": {
                        "Mod [m/s2]": 0.002588343888888889,
                        "Pha [deg]": 20.0
                    },
                    "Acc4": {
                        "Mod [rad/s2]": 0.005342388333333333,
                        "Pha [deg]": 81.0
                    },
                    "Acc5": {
                        "Mod [rad/s2]": 0.07765027777777778,
                        "Pha [deg]": -160.0
                    },
                    "Acc6": {
                        "Mod [rad/s2]": 0.08798077777777778,
                        "Pha [deg]": 81.0
                    }
                }
            },
            "15.0 [s]": {
                "0.0 [deg]": {
                    "Acc1": {
                        "Mod [m/s2]": 0.0006461488888888889,
                        "Pha [deg]": 59.0
                    },
                    "Acc2": {
                        "Mod [m/s2]": 0.0,
                        "Pha [deg]": 90.0
                    },
                    "Acc3": {
                        "Mod [m/s2]": 0.0034126394444444442,
                        "Pha [deg]": -25.0
                    },
                    "Acc4": {
                        "Mod [rad/s2]": 0.0,
                        "Pha [deg]": 90.0
                    },
                    "Acc5": {
                        "Mod [rad/s2]": 0.10221277777777778,
                        "Pha [deg]": 144.0
                    },
                    "Acc6": {
                        "Mod [rad/s2]": 0.0,
                        "Pha [deg]": 90.0
                    }
                },
                "45.0 [deg]": {
                    "Acc1": {
                        "Mod [m/s2]": 0.0004706891666666667,
                        "Pha [deg]": 68.0
                    },
                    "Acc2": {
                        "Mod [m/s2]": 0.0008732761111111111,
                        "Pha [deg]": 67.0
                    },
                    "Acc3": {
                        "Mod [m/s2]": 0.003482892777777778,
                        "Pha [deg]": -16.0
                    },
                    "Acc4": {
                        "Mod [rad/s2]": 0.001486991111111111,
                        "Pha [deg]": 67.0
                    },
                    "Acc5": {
                        "Mod [rad/s2]": 0.10397716666666666,
                        "Pha [deg]": 156.0
                    },
                    "Acc6": {
                        "Mod [rad/s2]": 0.026377005555555555,